{
  "type": "FeatureCollection",
  "generator": "overpass-turbo",
  "copyright": "The data included in this document is from www.openstreetmap.org. The data is made available under ODbL.",
  "timestamp": "2026-09-03T22:25:56Z",
  "features": [
    {
      "type": "Feature",
      "properties": {
        "@id": "relation/10833244",
        "admin_level": "6",
        "boundary": "administrative",
        "name": "Municipio Los Guayos",
        "population": "149606",
        "source:name": "INE (2014); IGVSB",
        "source:population": "INE (2014)",
        "type": "boundary",
        "wikidata": "Q3646838"
      },
      "geometry": {
        "type": "Polygon",
        "coordinates": [
          [
            [
              -67.872768,
              10.0996498
            ],
            [
              -67.8553804,
              10.1460327
            ],
            [
              -67.8783639,
              10.1561352
            ],
            [
              -67.884433,
              10.1588028
            ],
            [
              -67.8845564,
              10.1589242
            ],
            [
              -67.8846636,
              10.1590272
            ],
            [
              -67.8847307,
              10.1590905
            ],
            [
              -67.8848031,
              10.1591697
            ],
            [
              -67.8848675,
              10.1592252
            ],
            [
              -67.8849372,
              10.1592648
            ],
            [
              -67.885066,
              10.1593044
            ],
            [
              -67.8852376,
              10.1593334
            ],
            [
              -67.8853235,
              10.159344
            ],
            [
              -67.8853905,
              10.1593704
            ],
            [
              -67.8854576,
              10.1594285
            ],
            [
              -67.8854764,
              10.1595182
            ],
            [
              -67.8854871,
              10.1596186
            ],
            [
              -67.8854871,
              10.1596898
            ],
            [
              -67.8855005,
              10.1597664
            ],
            [
              -67.8855139,
              10.159806
            ],
            [
              -67.8855568,
              10.1598535
            ],
            [
              -67.8856158,
              10.1598773
            ],
            [
              -67.8856802,
              10.159872
            ],
            [
              -67.8857633,
              10.1598403
            ],
            [
              -67.8858277,
              10.1598086
            ],
            [
              -67.8858706,
              10.1597928
            ],
            [
              -67.8859565,
              10.1597981
            ],
            [
              -67.8860021,
              10.1598298
            ],
            [
              -67.8860343,
              10.1598879
            ],
            [
              -67.8860825,
              10.1599459
            ],
            [
              -67.8861684,
              10.1599987
            ],
            [
              -67.8862783,
              10.1600383
            ],
            [
              -67.8864285,
              10.1600727
            ],
            [
              -67.886686,
              10.1601096
            ],
            [
              -67.8868148,
              10.1601387
            ],
            [
              -67.8868631,
              10.1601598
            ],
            [
              -67.8869087,
              10.160202
            ],
            [
              -67.8869435,
              10.1602786
            ],
            [
              -67.8869918,
              10.1603895
            ],
            [
              -67.8870374,
              10.1604898
            ],
            [
              -67.8870884,
              10.1605717
            ],
            [
              -67.8871822,
              10.1606667
            ],
            [
              -67.8873432,
              10.1607881
            ],
            [
              -67.8873861,
              10.1608357
            ],
            [
              -67.8874075,
              10.1609096
            ],
            [
              -67.8874129,
              10.1609677
            ],
            [
              -67.8874505,
              10.1610442
            ],
            [
              -67.8875256,
              10.1611446
            ],
            [
              -67.8875524,
              10.1612053
            ],
            [
              -67.8875685,
              10.1612581
            ],
            [
              -67.887606,
              10.1613584
            ],
            [
              -67.8876999,
              10.1615485
            ],
            [
              -67.8877267,
              10.1615934
            ],
            [
              -67.8877482,
              10.1616462
            ],
            [
              -67.887775,
              10.1617544
            ],
            [
              -67.8878018,
              10.1617993
            ],
            [
              -67.8878474,
              10.1618284
            ],
            [
              -67.8879011,
              10.1618257
            ],
            [
              -67.8879601,
              10.1618152
            ],
            [
              -67.8880164,
              10.1618178
            ],
            [
              -67.888062,
              10.1618442
            ],
            [
              -67.8880942,
              10.1618891
            ],
            [
              -67.8881076,
              10.1619445
            ],
            [
              -67.8881183,
              10.1620026
            ],
            [
              -67.8881103,
              10.1620977
            ],
            [
              -67.8881183,
              10.1621505
            ],
            [
              -67.8881452,
              10.162198
            ],
            [
              -67.88818,
              10.1622376
            ],
            [
              -67.8882283,
              10.1622587
            ],
            [
              -67.8882819,
              10.162264
            ],
            [
              -67.8883302,
              10.1622825
            ],
            [
              -67.8884161,
              10.1623432
            ],
            [
              -67.8884617,
              10.1623696
            ],
            [
              -67.8885126,
              10.1623722
            ],
            [
              -67.8885689,
              10.1623722
            ],
            [
              -67.8886226,
              10.1623617
            ],
            [
              -67.8886735,
              10.1623643
            ],
            [
              -67.8887218,
              10.1623881
            ],
            [
              -67.8887647,
              10.1624224
            ],
            [
              -67.8887889,
              10.1624699
            ],
            [
              -67.8888023,
              10.162528
            ],
            [
              -67.8888452,
              10.1627022
            ],
            [
              -67.8889203,
              10.1629795
            ],
            [
              -67.8889847,
              10.1631352
            ],
            [
              -67.8891939,
              10.1634864
            ],
            [
              -67.8892261,
              10.1635312
            ],
            [
              -67.8892475,
              10.1635867
            ],
            [
              -67.8892583,
              10.1636474
            ],
            [
              -67.889269,
              10.1637028
            ],
            [
              -67.8892851,
              10.1638718
            ],
            [
              -67.8893039,
              10.1639801
            ],
            [
              -67.8893253,
              10.164083
            ],
            [
              -67.8893495,
              10.1641279
            ],
            [
              -67.8893763,
              10.1641728
            ],
            [
              -67.8894138,
              10.1642098
            ],
            [
              -67.8894648,
              10.1642362
            ],
            [
              -67.8895158,
              10.1642414
            ],
            [
              -67.8895694,
              10.1642573
            ],
            [
              -67.8895962,
              10.1642995
            ],
            [
              -67.889607,
              10.1643523
            ],
            [
              -67.8895962,
              10.1644394
            ],
            [
              -67.8895855,
              10.1644922
            ],
            [
              -67.8895801,
              10.164545
            ],
            [
              -67.8895801,
              10.1646005
            ],
            [
              -67.8895855,
              10.1646533
            ],
            [
              -67.889623,
              10.1646929
            ],
            [
              -67.8896686,
              10.1647193
            ],
            [
              -67.8897786,
              10.1647457
            ],
            [
              -67.8898296,
              10.1647668
            ],
            [
              -67.8898725,
              10.1647985
            ],
            [
              -67.889902,
              10.1648434
            ],
            [
              -67.8899288,
              10.1648935
            ],
            [
              -67.8899449,
              10.164949
            ],
            [
              -67.8899637,
              10.1650414
            ],
            [
              -67.8899422,
              10.1651444
            ],
            [
              -67.8899261,
              10.1651998
            ],
            [
              -67.8898913,
              10.1652473
            ],
            [
              -67.889792,
              10.165308
            ],
            [
              -67.8896982,
              10.165382
            ],
            [
              -67.8896955,
              10.1654374
            ],
            [
              -67.8897035,
              10.1654902
            ],
            [
              -67.8897223,
              10.1655377
            ],
            [
              -67.8897652,
              10.1655668
            ],
            [
              -67.8898188,
              10.1655905
            ],
            [
              -67.8898698,
              10.1656064
            ],
            [
              -67.8899825,
              10.1656064
            ],
            [
              -67.8900334,
              10.165609
            ],
            [
              -67.8901514,
              10.1656222
            ],
            [
              -67.8903177,
              10.1656645
            ],
            [
              -67.8903687,
              10.1656856
            ],
            [
              -67.8904116,
              10.1657199
            ],
            [
              -67.8904358,
              10.1657674
            ],
            [
              -67.8904519,
              10.1658202
            ],
            [
              -67.8904814,
              10.1658651
            ],
            [
              -67.890527,
              10.1658941
            ],
            [
              -67.8905806,
              10.1659073
            ],
            [
              -67.8906906,
              10.1659285
            ],
            [
              -67.8907415,
              10.1659496
            ],
            [
              -67.8907791,
              10.1659892
            ],
            [
              -67.8908435,
              10.1660869
            ],
            [
              -67.8909507,
              10.1663509
            ],
            [
              -67.8909668,
              10.166409
            ],
            [
              -67.8909695,
              10.1664618
            ],
            [
              -67.8909507,
              10.1665119
            ],
            [
              -67.8909105,
              10.1665462
            ],
            [
              -67.8908622,
              10.1665753
            ],
            [
              -67.8908113,
              10.1666017
            ],
            [
              -67.8907469,
              10.1666677
            ],
            [
              -67.890704,
              10.166702
            ],
            [
              -67.8906745,
              10.1667548
            ],
            [
              -67.8906611,
              10.1668103
            ],
            [
              -67.8906611,
              10.1668683
            ],
            [
              -67.8906852,
              10.1669211
            ],
            [
              -67.8907281,
              10.1669502
            ],
            [
              -67.8907791,
              10.1669475
            ],
            [
              -67.8908327,
              10.166937
            ],
            [
              -67.8908917,
              10.1669185
            ],
            [
              -67.8909454,
              10.1669185
            ],
            [
              -67.8909937,
              10.1669423
            ],
            [
              -67.8910339,
              10.1669819
            ],
            [
              -67.8910553,
              10.1670347
            ],
            [
              -67.8910661,
              10.1671429
            ],
            [
              -67.8910795,
              10.1671983
            ],
            [
              -67.8911197,
              10.1672696
            ],
            [
              -67.8911412,
              10.1673198
            ],
            [
              -67.8911546,
              10.1673779
            ],
            [
              -67.8911546,
              10.1674861
            ],
            [
              -67.8911492,
              10.1675389
            ],
            [
              -67.8911519,
              10.1675944
            ],
            [
              -67.8911707,
              10.1676472
            ],
            [
              -67.8912029,
              10.1676947
            ],
            [
              -67.8912833,
              10.167766
            ],
            [
              -67.8913102,
              10.1678082
            ],
            [
              -67.891337,
              10.1678584
            ],
            [
              -67.8913397,
              10.1679112
            ],
            [
              -67.8913316,
              10.167964
            ],
            [
              -67.8913048,
              10.1680115
            ],
            [
              -67.8912404,
              10.1681013
            ],
            [
              -67.8912163,
              10.1681488
            ],
            [
              -67.8912109,
              10.1682069
            ],
            [
              -67.8912136,
              10.1682623
            ],
            [
              -67.8912297,
              10.1683125
            ],
            [
              -67.8912619,
              10.1683547
            ],
            [
              -67.8913048,
              10.1683917
            ],
            [
              -67.8913718,
              10.1684788
            ],
            [
              -67.891396,
              10.1685501
            ],
            [
              -67.8914174,
              10.1685976
            ],
            [
              -67.891463,
              10.1687613
            ],
            [
              -67.8914925,
              10.1688062
            ],
            [
              -67.8915328,
              10.1688431
            ],
            [
              -67.8915837,
              10.1688616
            ],
            [
              -67.8916347,
              10.1688669
            ],
            [
              -67.8916883,
              10.1688563
            ],
            [
              -67.8917447,
              10.1688378
            ],
            [
              -67.891801,
              10.1688167
            ],
            [
              -67.8918493,
              10.1687877
            ],
            [
              -67.8919002,
              10.1687692
            ],
            [
              -67.8919646,
              10.1687507
            ],
            [
              -67.8920183,
              10.1687375
            ],
            [
              -67.8920719,
              10.1687375
            ],
            [
              -67.8921148,
              10.1687692
            ],
            [
              -67.8921255,
              10.168822
            ],
            [
              -67.8921309,
              10.1689329
            ],
            [
              -67.8921309,
              10.1689857
            ],
            [
              -67.892147,
              10.1690358
            ],
            [
              -67.8921604,
              10.1690886
            ],
            [
              -67.8921819,
              10.1691414
            ],
            [
              -67.8922409,
              10.1692497
            ],
            [
              -67.8922731,
              10.1692946
            ],
            [
              -67.8923079,
              10.1693447
            ],
            [
              -67.8923455,
              10.169387
            ],
            [
              -67.8923884,
              10.1694213
            ],
            [
              -67.8924125,
              10.1694741
            ],
            [
              -67.8924206,
              10.1695823
            ],
            [
              -67.8924474,
              10.1696299
            ],
            [
              -67.8924903,
              10.1696668
            ],
            [
              -67.8925413,
              10.1696655
            ],
            [
              -67.892603,
              10.1696457
            ],
            [
              -67.8926593,
              10.1696272
            ],
            [
              -67.8927237,
              10.169618
            ],
            [
              -67.8927854,
              10.1696299
            ],
            [
              -67.8928109,
              10.1696404
            ],
            [
              -67.8928337,
              10.1696563
            ],
            [
              -67.8928497,
              10.1696787
            ],
            [
              -67.8928618,
              10.1697038
            ],
            [
              -67.8928699,
              10.1697315
            ],
            [
              -67.8928752,
              10.1697579
            ],
            [
              -67.8928873,
              10.1697817
            ],
            [
              -67.8929248,
              10.1698265
            ],
            [
              -67.8929383,
              10.1698503
            ],
            [
              -67.892949,
              10.1698727
            ],
            [
              -67.8929544,
              10.1698991
            ],
            [
              -67.892953,
              10.1699269
            ],
            [
              -67.8929423,
              10.1699533
            ],
            [
              -67.8929275,
              10.1699783
            ],
            [
              -67.8929195,
              10.1700113
            ],
            [
              -67.892894,
              10.1700589
            ],
            [
              -67.8928846,
              10.1700866
            ],
            [
              -67.8928819,
              10.1701143
            ],
            [
              -67.892894,
              10.1701394
            ],
            [
              -67.8929141,
              10.1701605
            ],
            [
              -67.8929369,
              10.1701764
            ],
            [
              -67.8929584,
              10.1701935
            ],
            [
              -67.8929919,
              10.1702371
            ],
            [
              -67.893008,
              10.1702595
            ],
            [
              -67.8930214,
              10.1702899
            ],
            [
              -67.8930281,
              10.1703163
            ],
            [
              -67.8930295,
              10.1703414
            ],
            [
              -67.8929999,
              10.1705314
            ],
            [
              -67.8929932,
              10.1705592
            ],
            [
              -67.8929973,
              10.1705869
            ],
            [
              -67.893008,
              10.170612
            ],
            [
              -67.8930241,
              10.170637
            ],
            [
              -67.8930429,
              10.1706582
            ],
            [
              -67.8930978,
              10.1707308
            ],
            [
              -67.893118,
              10.1707506
            ],
            [
              -67.8931381,
              10.170777
            ],
            [
              -67.8931622,
              10.1707981
            ],
            [
              -67.893189,
              10.1708139
            ],
            [
              -67.893244,
              10.1708284
            ],
            [
              -67.8932668,
              10.1708416
            ],
            [
              -67.8932829,
              10.1708641
            ],
            [
              -67.8932896,
              10.1708918
            ],
            [
              -67.8932923,
              10.1709182
            ],
            [
              -67.8932923,
              10.1709275
            ],
            [
              -67.8932762,
              10.1710067
            ],
            [
              -67.8932735,
              10.1710357
            ],
            [
              -67.8932735,
              10.1710634
            ],
            [
              -67.8932829,
              10.1710898
            ],
            [
              -67.8932963,
              10.1711162
            ],
            [
              -67.8933138,
              10.1711453
            ],
            [
              -67.8933299,
              10.171169
            ],
            [
              -67.8933527,
              10.1711849
            ],
            [
              -67.8933875,
              10.1712179
            ],
            [
              -67.8934036,
              10.1712416
            ],
            [
              -67.8934103,
              10.171268
            ],
            [
              -67.8934063,
              10.1712957
            ],
            [
              -67.8933983,
              10.1713221
            ],
            [
              -67.8933956,
              10.1713485
            ],
            [
              -67.8933983,
              10.1713749
            ],
            [
              -67.8934063,
              10.1714013
            ],
            [
              -67.8934237,
              10.1714211
            ],
            [
              -67.8934479,
              10.1714357
            ],
            [
              -67.8934747,
              10.1714357
            ],
            [
              -67.8935015,
              10.1714304
            ],
            [
              -67.8935297,
              10.1714238
            ],
            [
              -67.8935552,
              10.1714211
            ],
            [
              -67.893582,
              10.1714238
            ],
            [
              -67.8936061,
              10.1714357
            ],
            [
              -67.8936195,
              10.1714568
            ],
            [
              -67.893637,
              10.1715122
            ],
            [
              -67.8936383,
              10.1715386
            ],
            [
              -67.893637,
              10.1715677
            ],
            [
              -67.8936329,
              10.1715941
            ],
            [
              -67.8936329,
              10.1716218
            ],
            [
              -67.8936437,
              10.1716442
            ],
            [
              -67.8936557,
              10.171668
            ],
            [
              -67.8936893,
              10.1717129
            ],
            [
              -67.8937107,
              10.1717313
            ],
            [
              -67.8937349,
              10.1717459
            ],
            [
              -67.893759,
              10.1717551
            ],
            [
              -67.8937805,
              10.1717709
            ],
            [
              -67.8937925,
              10.1717973
            ],
            [
              -67.8937925,
              10.1718264
            ],
            [
              -67.8937805,
              10.17187
            ],
            [
              -67.8936759,
              10.172167
            ],
            [
              -67.8936571,
              10.1722224
            ],
            [
              -67.8936303,
              10.1723333
            ],
            [
              -67.8936034,
              10.1724046
            ],
            [
              -67.89359,
              10.1724626
            ],
            [
              -67.8935632,
              10.1725154
            ],
            [
              -67.8935364,
              10.1725603
            ],
            [
              -67.8934667,
              10.172662
            ],
            [
              -67.8934398,
              10.1727227
            ],
            [
              -67.8934264,
              10.1727794
            ],
            [
              -67.8934184,
              10.1728718
            ],
            [
              -67.8934345,
              10.172992
            ],
            [
              -67.8934389,
              10.1730135
            ],
            [
              -67.8934494,
              10.1730643
            ],
            [
              -67.8934707,
              10.1731675
            ],
            [
              -67.8934881,
              10.1732441
            ],
            [
              -67.8934921,
              10.1732797
            ],
            [
              -67.8935015,
              10.1733127
            ],
            [
              -67.8935203,
              10.1733365
            ],
            [
              -67.8935418,
              10.173355
            ],
            [
              -67.8936115,
              10.1733946
            ],
            [
              -67.8936343,
              10.1734302
            ],
            [
              -67.8936517,
              10.1734659
            ],
            [
              -67.8936571,
              10.17352
            ],
            [
              -67.8936477,
              10.1735675
            ],
            [
              -67.8936329,
              10.1736414
            ],
            [
              -67.8936289,
              10.1737536
            ],
            [
              -67.8936383,
              10.1738421
            ],
            [
              -67.8936557,
              10.173912
            ],
            [
              -67.8936732,
              10.1740123
            ],
            [
              -67.8936893,
              10.1740836
            ],
            [
              -67.8937054,
              10.1741232
            ],
            [
              -67.8937282,
              10.1741483
            ],
            [
              -67.8937791,
              10.1741839
            ],
            [
              -67.8938301,
              10.1742156
            ],
            [
              -67.8938945,
              10.1742513
            ],
            [
              -67.893983,
              10.174279
            ],
            [
              -67.8940272,
              10.1742961
            ],
            [
              -67.8940661,
              10.1743199
            ],
            [
              -67.8941064,
              10.1743555
            ],
            [
              -67.8941761,
              10.1744334
            ],
            [
              -67.894223,
              10.1744902
            ],
            [
              -67.8942592,
              10.1745245
            ],
            [
              -67.8942914,
              10.1745377
            ],
            [
              -67.8943236,
              10.1745417
            ],
            [
              -67.8943719,
              10.1745417
            ],
            [
              -67.8944027,
              10.1745417
            ],
            [
              -67.8944255,
              10.1745549
            ],
            [
              -67.8944376,
              10.1745866
            ],
            [
              -67.8944403,
              10.1746182
            ],
            [
              -67.8944403,
              10.1746658
            ],
            [
              -67.8944443,
              10.1747027
            ],
            [
              -67.8944564,
              10.1747291
            ],
            [
              -67.8944752,
              10.1747516
            ],
            [
              -67.8945047,
              10.1747727
            ],
            [
              -67.8945301,
              10.1748057
            ],
            [
              -67.8945449,
              10.17484
            ],
            [
              -67.8945516,
              10.1748822
            ],
            [
              -67.8945489,
              10.1749152
            ],
            [
              -67.8945301,
              10.1749562
            ],
            [
              -67.8944859,
              10.175001
            ],
            [
              -67.8944577,
              10.1750288
            ],
            [
              -67.8944457,
              10.1750604
            ],
            [
              -67.8944403,
              10.1750895
            ],
            [
              -67.8944483,
              10.1751212
            ],
            [
              -67.8944618,
              10.1751396
            ],
            [
              -67.894506,
              10.1751898
            ],
            [
              -67.8945704,
              10.17524
            ],
            [
              -67.8946401,
              10.1752782
            ],
            [
              -67.8946938,
              10.1753205
            ],
            [
              -67.8947327,
              10.1753733
            ],
            [
              -67.8947662,
              10.1754353
            ],
            [
              -67.8947863,
              10.175504
            ],
            [
              -67.8947876,
              10.1755779
            ],
            [
              -67.8947702,
              10.1756624
            ],
            [
              -67.8947528,
              10.1758775
            ],
            [
              -67.8947528,
              10.1760359
            ],
            [
              -67.8947487,
              10.1761032
            ],
            [
              -67.8947514,
              10.1761626
            ],
            [
              -67.8947353,
              10.176226
            ],
            [
              -67.8947125,
              10.1762709
            ],
            [
              -67.8946576,
              10.1763395
            ],
            [
              -67.8946321,
              10.1763963
            ],
            [
              -67.8946361,
              10.1764372
            ],
            [
              -67.8946549,
              10.1764768
            ],
            [
              -67.8946817,
              10.1765098
            ],
            [
              -67.8947032,
              10.1765388
            ],
            [
              -67.8947085,
              10.1765626
            ],
            [
              -67.8947032,
              10.176589
            ],
            [
              -67.8946804,
              10.1766233
            ],
            [
              -67.8946307,
              10.1766695
            ],
            [
              -67.8945825,
              10.1767052
            ],
            [
              -67.8945436,
              10.1767223
            ],
            [
              -67.8944966,
              10.1767263
            ],
            [
              -67.8944577,
              10.176721
            ],
            [
              -67.8944188,
              10.1767316
            ],
            [
              -67.894396,
              10.1767461
            ],
            [
              -67.8943786,
              10.1767804
            ],
            [
              -67.8943759,
              10.1768213
            ],
            [
              -67.8943826,
              10.1768754
            ],
            [
              -67.8944041,
              10.1769256
            ],
            [
              -67.8944309,
              10.1769758
            ],
            [
              -67.8944577,
              10.1770101
            ],
            [
              -67.8944899,
              10.1770378
            ],
            [
              -67.8945248,
              10.1770748
            ],
            [
              -67.8945355,
              10.1771157
            ],
            [
              -67.8945369,
              10.177179
            ],
            [
              -67.8945315,
              10.177348
            ],
            [
              -67.8945073,
              10.1774932
            ],
            [
              -67.8944778,
              10.1777097
            ],
            [
              -67.8944671,
              10.1778153
            ],
            [
              -67.8944658,
              10.1779711
            ],
            [
              -67.8944671,
              10.1781809
            ],
            [
              -67.8944577,
              10.178474
            ],
            [
              -67.8944443,
              10.178569
            ],
            [
              -67.8944202,
              10.1786614
            ],
            [
              -67.8944108,
              10.1787261
            ],
            [
              -67.8944001,
              10.1788185
            ],
            [
              -67.8943853,
              10.178969
            ],
            [
              -67.8943813,
              10.1790482
            ],
            [
              -67.894388,
              10.1791128
            ],
            [
              -67.8943974,
              10.1791722
            ],
            [
              -67.8944001,
              10.1792369
            ],
            [
              -67.8943987,
              10.1792937
            ],
            [
              -67.8943826,
              10.1793504
            ],
            [
              -67.8943397,
              10.1794824
            ],
            [
              -67.8942941,
              10.1796316
            ],
            [
              -67.8942713,
              10.1797953
            ],
            [
              -67.8942244,
              10.179988
            ],
            [
              -67.8941774,
              10.1801886
            ],
            [
              -67.8941479,
              10.1802758
            ],
            [
              -67.8941104,
              10.1803312
            ],
            [
              -67.8940782,
              10.1803682
            ],
            [
              -67.893995,
              10.1804817
            ],
            [
              -67.8939548,
              10.1805094
            ],
            [
              -67.8939132,
              10.1805345
            ],
            [
              -67.8938743,
              10.1805596
            ],
            [
              -67.8938448,
              10.180586
            ],
            [
              -67.8938301,
              10.1806216
            ],
            [
              -67.8938234,
              10.1806757
            ],
            [
              -67.8938046,
              10.1808143
            ],
            [
              -67.8937845,
              10.1809437
            ],
            [
              -67.8937778,
              10.1810268
            ],
            [
              -67.8937872,
              10.1811338
            ],
            [
              -67.8937992,
              10.1811971
            ],
            [
              -67.893818,
              10.1812262
            ],
            [
              -67.8938569,
              10.1812671
            ],
            [
              -67.8938904,
              10.1812895
            ],
            [
              -67.894046,
              10.1813938
            ],
            [
              -67.8941466,
              10.1814677
            ],
            [
              -67.8941895,
              10.1815113
            ],
            [
              -67.8942405,
              10.1815416
            ],
            [
              -67.8942874,
              10.1815654
            ],
            [
              -67.8943813,
              10.1815984
            ],
            [
              -67.8944309,
              10.1816354
            ],
            [
              -67.8944711,
              10.1816921
            ],
            [
              -67.8945006,
              10.181737
            ],
            [
              -67.8945422,
              10.181803
            ],
            [
              -67.8945717,
              10.1818373
            ],
            [
              -67.8946079,
              10.1818756
            ],
            [
              -67.8946294,
              10.1819125
            ],
            [
              -67.8946428,
              10.1819521
            ],
            [
              -67.8946428,
              10.1819825
            ],
            [
              -67.8946683,
              10.1820617
            ],
            [
              -67.8946978,
              10.1821343
            ],
            [
              -67.8947327,
              10.1821977
            ],
            [
              -67.8947823,
              10.1822782
            ],
            [
              -67.8948359,
              10.1823521
            ],
            [
              -67.8949016,
              10.182397
            ],
            [
              -67.8949741,
              10.1824366
            ],
            [
              -67.895084,
              10.1824775
            ],
            [
              -67.8951538,
              10.1825263
            ],
            [
              -67.8952061,
              10.1825739
            ],
            [
              -67.8952651,
              10.1826438
            ],
            [
              -67.8952973,
              10.1827045
            ],
            [
              -67.8953362,
              10.1827758
            ],
            [
              -67.8953442,
              10.1828431
            ],
            [
              -67.8953308,
              10.1828854
            ],
            [
              -67.895304,
              10.1829276
            ],
            [
              -67.8952423,
              10.1829804
            ],
            [
              -67.8951672,
              10.183057
            ],
            [
              -67.8950787,
              10.1831758
            ],
            [
              -67.8949794,
              10.1833078
            ],
            [
              -67.894848,
              10.1834609
            ],
            [
              -67.8947568,
              10.1835586
            ],
            [
              -67.8946227,
              10.1837302
            ],
            [
              -67.8945234,
              10.1838226
            ],
            [
              -67.8944376,
              10.1839414
            ],
            [
              -67.8944027,
              10.1839968
            ],
            [
              -67.8943598,
              10.1840892
            ],
            [
              -67.8943142,
              10.1841816
            ],
            [
              -67.8942713,
              10.1842661
            ],
            [
              -67.8942445,
              10.1843083
            ],
            [
              -67.8942177,
              10.1843664
            ],
            [
              -67.8942284,
              10.1844271
            ],
            [
              -67.8942606,
              10.1845063
            ],
            [
              -67.8943142,
              10.184604
            ],
            [
              -67.8944162,
              10.1847677
            ],
            [
              -67.8944913,
              10.1849155
            ],
            [
              -67.8945127,
              10.1850132
            ],
            [
              -67.89451,
              10.1850977
            ],
            [
              -67.8944832,
              10.1851663
            ],
            [
              -67.894443,
              10.1852217
            ],
            [
              -67.8943679,
              10.1852719
            ],
            [
              -67.8943276,
              10.1853036
            ],
            [
              -67.8943062,
              10.18533
            ],
            [
              -67.8943062,
              10.1853669
            ],
            [
              -67.8943196,
              10.1853986
            ],
            [
              -67.8943545,
              10.1854171
            ],
            [
              -67.8944269,
              10.1854356
            ],
            [
              -67.8945208,
              10.1854461
            ],
            [
              -67.894671,
              10.1854435
            ],
            [
              -67.8947796,
              10.1854356
            ],
            [
              -67.8948466,
              10.1854197
            ],
            [
              -67.894958,
              10.1853907
            ],
            [
              -67.8950746,
              10.1853498
            ],
            [
              -67.8951766,
              10.185293
            ],
            [
              -67.8952758,
              10.1852217
            ],
            [
              -67.8953496,
              10.1851637
            ],
            [
              -67.8954113,
              10.1850765
            ],
            [
              -67.8954475,
              10.184996
            ],
            [
              -67.8954756,
              10.1848706
            ],
            [
              -67.8954904,
              10.1848337
            ],
            [
              -67.8955159,
              10.1848112
            ],
            [
              -67.8955641,
              10.1847822
            ],
            [
              -67.8956044,
              10.1847703
            ],
            [
              -67.8956875,
              10.1847492
            ],
            [
              -67.8957438,
              10.1847267
            ],
            [
              -67.8957868,
              10.1846937
            ],
            [
              -67.895819,
              10.1846462
            ],
            [
              -67.8958431,
              10.1846053
            ],
            [
              -67.8958659,
              10.1845829
            ],
            [
              -67.8959236,
              10.184567
            ],
            [
              -67.8960228,
              10.1845749
            ],
            [
              -67.8961515,
              10.184604
            ],
            [
              -67.8963098,
              10.1846621
            ],
            [
              -67.8963661,
              10.1846964
            ],
            [
              -67.896409,
              10.1847439
            ],
            [
              -67.8964117,
              10.1848257
            ],
            [
              -67.8963876,
              10.184897
            ],
            [
              -67.8963473,
              10.1849815
            ],
            [
              -67.8962776,
              10.1850924
            ],
            [
              -67.8961891,
              10.1853062
            ],
            [
              -67.896181,
              10.1853643
            ],
            [
              -67.8961837,
              10.1854672
            ],
            [
              -67.8962079,
              10.1855412
            ],
            [
              -67.8962562,
              10.185594
            ],
            [
              -67.8963152,
              10.1856045
            ],
            [
              -67.8963903,
              10.1856045
            ],
            [
              -67.8964734,
              10.1855913
            ],
            [
              -67.8965753,
              10.1855596
            ],
            [
              -67.8968087,
              10.1854857
            ],
            [
              -67.8968945,
              10.1854567
            ],
            [
              -67.8969884,
              10.1854012
            ],
            [
              -67.8970769,
              10.1853273
            ],
            [
              -67.8971413,
              10.1852772
            ],
            [
              -67.8972003,
              10.1852534
            ],
            [
              -67.897262,
              10.1852534
            ],
            [
              -67.897321,
              10.1852693
            ],
            [
              -67.8973907,
              10.1852824
            ],
            [
              -67.8974873,
              10.1852798
            ],
            [
              -67.8976402,
              10.1852455
            ],
            [
              -67.8977555,
              10.1852376
            ],
            [
              -67.8978467,
              10.1852508
            ],
            [
              -67.8979862,
              10.1852877
            ],
            [
              -67.8981015,
              10.1853432
            ],
            [
              -67.8982195,
              10.1854092
            ],
            [
              -67.8983188,
              10.1854936
            ],
            [
              -67.8983939,
              10.1855728
            ],
            [
              -67.8985173,
              10.1856494
            ],
            [
              -67.8986219,
              10.1857312
            ],
            [
              -67.8987479,
              10.1858421
            ],
            [
              -67.8988901,
              10.1859398
            ],
            [
              -67.899043,
              10.186048
            ],
            [
              -67.8993166,
              10.1863279
            ],
            [
              -67.8997859,
              10.1868453
            ],
            [
              -67.9000917,
              10.1871779
            ],
            [
              -67.9011619,
              10.1884292
            ],
            [
              -67.9013577,
              10.1886668
            ],
            [
              -67.901465,
              10.1888463
            ],
            [
              -67.9015508,
              10.1890232
            ],
            [
              -67.9015937,
              10.1891948
            ],
            [
              -67.9016179,
              10.1894086
            ],
            [
              -67.9016125,
              10.1896119
            ],
            [
              -67.9015803,
              10.1897545
            ],
            [
              -67.9014999,
              10.1898812
            ],
            [
              -67.901347,
              10.1901056
            ],
            [
              -67.9012558,
              10.1902508
            ],
            [
              -67.9011673,
              10.1904329
            ],
            [
              -67.9011297,
              10.1905491
            ],
            [
              -67.9011109,
              10.190689
            ],
            [
              -67.9011297,
              10.1908263
            ],
            [
              -67.9011673,
              10.1910559
            ],
            [
              -67.9012182,
              10.1912513
            ],
            [
              -67.9012826,
              10.1913701
            ],
            [
              -67.9013872,
              10.1915443
            ],
            [
              -67.901465,
              10.1916552
            ],
            [
              -67.9014918,
              10.1917397
            ],
            [
              -67.9015079,
              10.1918189
            ],
            [
              -67.9015401,
              10.1919271
            ],
            [
              -67.9015857,
              10.1920248
            ],
            [
              -67.9016286,
              10.192104
            ],
            [
              -67.9017118,
              10.1922413
            ],
            [
              -67.9017761,
              10.192426
            ],
            [
              -67.9018781,
              10.192764
            ],
            [
              -67.9019693,
              10.1929936
            ],
            [
              -67.902098,
              10.1932761
            ],
            [
              -67.9022428,
              10.1936219
            ],
            [
              -67.9022643,
              10.1937222
            ],
            [
              -67.9022589,
              10.1938146
            ],
            [
              -67.9022375,
              10.1938938
            ],
            [
              -67.9021946,
              10.1940073
            ],
            [
              -67.9021409,
              10.1941525
            ],
            [
              -67.9021221,
              10.1942713
            ],
            [
              -67.902106,
              10.1944719
            ],
            [
              -67.9020953,
              10.1949181
            ],
            [
              -67.9021034,
              10.1951768
            ],
            [
              -67.9021248,
              10.1953246
            ],
            [
              -67.9021463,
              10.1954355
            ],
            [
              -67.9021919,
              10.1955543
            ],
            [
              -67.9022321,
              10.1956361
            ],
            [
              -67.9023099,
              10.1957285
            ],
            [
              -67.9025245,
              10.1959344
            ],
            [
              -67.9028383,
              10.1961694
            ],
            [
              -67.9030207,
              10.1962882
            ],
            [
              -67.9033023,
              10.1965205
            ],
            [
              -67.903423,
              10.1966498
            ],
            [
              -67.9037395,
              10.1970696
            ],
            [
              -67.9039487,
              10.1972966
            ],
            [
              -67.904107,
              10.197418
            ],
            [
              -67.9042518,
              10.1974814
            ],
            [
              -67.9043886,
              10.1975395
            ],
            [
              -67.9045093,
              10.1975975
            ],
            [
              -67.9046515,
              10.1976767
            ],
            [
              -67.9047722,
              10.1977955
            ],
            [
              -67.9050592,
              10.1981941
            ],
            [
              -67.9052711,
              10.1984845
            ],
            [
              -67.9055339,
              10.1988911
            ],
            [
              -67.9059067,
              10.1994877
            ],
            [
              -67.9061642,
              10.1999021
            ],
            [
              -67.9062554,
              10.2000763
            ],
            [
              -67.9063144,
              10.2002162
            ],
            [
              -67.9063788,
              10.2004565
            ],
            [
              -67.9064834,
              10.2010531
            ],
            [
              -67.9065478,
              10.2014226
            ],
            [
              -67.9065773,
              10.2015361
            ],
            [
              -67.9066041,
              10.2015942
            ],
            [
              -67.9066658,
              10.2016576
            ],
            [
              -67.9070708,
              10.2020535
            ],
            [
              -67.9077843,
              10.2027795
            ],
            [
              -67.9079962,
              10.2030065
            ],
            [
              -67.9080847,
              10.2031227
            ],
            [
              -67.9081249,
              10.2032151
            ],
            [
              -67.9081598,
              10.203347
            ],
            [
              -67.9081598,
              10.203479
            ],
            [
              -67.9081289,
              10.2035899
            ],
            [
              -67.9080404,
              10.2038143
            ],
            [
              -67.9079801,
              10.2039186
            ],
            [
              -67.9079331,
              10.2039766
            ],
            [
              -67.9078983,
              10.2040044
            ],
            [
              -67.9078446,
              10.2040387
            ],
            [
              -67.907787,
              10.2040717
            ],
            [
              -67.9077709,
              10.2040928
            ],
            [
              -67.9077615,
              10.2041179
            ],
            [
              -67.9077615,
              10.2041601
            ],
            [
              -67.9077682,
              10.2042116
            ],
            [
              -67.9078044,
              10.204304
            ],
            [
              -67.9078808,
              10.204498
            ],
            [
              -67.9079103,
              10.2045627
            ],
            [
              -67.9079291,
              10.2046128
            ],
            [
              -67.9079613,
              10.2046551
            ],
            [
              -67.9079855,
              10.2046801
            ],
            [
              -67.9081035,
              10.2047659
            ],
            [
              -67.9081759,
              10.2048095
            ],
            [
              -67.9082456,
              10.2048464
            ],
            [
              -67.9082818,
              10.2048676
            ],
            [
              -67.9083851,
              10.2049507
            ],
            [
              -67.9084294,
              10.2049943
            ],
            [
              -67.9084495,
              10.2050352
            ],
            [
              -67.908479,
              10.205121
            ],
            [
              -67.908361,
              10.2053401
            ],
            [
              -67.908259,
              10.2055579
            ],
            [
              -67.9082456,
              10.2055869
            ],
            [
              -67.9082429,
              10.2056146
            ],
            [
              -67.9082537,
              10.2057017
            ],
            [
              -67.9083999,
              10.2066006
            ],
            [
              -67.9084307,
              10.2068276
            ],
            [
              -67.9084361,
              10.20692
            ],
            [
              -67.9084227,
              10.2069596
            ],
            [
              -67.9083958,
              10.2069979
            ],
            [
              -67.9083677,
              10.2070427
            ],
            [
              -67.9085621,
              10.2086926
            ],
            [
              -67.908766,
              10.2103715
            ],
            [
              -67.9088303,
              10.2113165
            ],
            [
              -67.9088599,
              10.2118273
            ],
            [
              -67.9090463,
              10.2129095
            ],
            [
              -67.9099233,
              10.2135668
            ],
            [
              -67.9102747,
              10.2139047
            ],
            [
              -67.9105134,
              10.2136975
            ],
            [
              -67.9109158,
              10.2133636
            ],
            [
              -67.91142,
              10.2129584
            ],
            [
              -67.9117714,
              10.2126759
            ],
            [
              -67.9120101,
              10.2124753
            ],
            [
              -67.9122502,
              10.2122747
            ],
            [
              -67.9126136,
              10.2119711
            ],
            [
              -67.9142055,
              10.2106777
            ],
            [
              -67.9152448,
              10.2098277
            ],
            [
              -67.9156941,
              10.2094647
            ],
            [
              -67.9159838,
              10.2092311
            ],
            [
              -67.9163767,
              10.2089024
            ],
            [
              -67.9167804,
              10.2085777
            ],
            [
              -67.9169534,
              10.2084326
            ],
            [
              -67.9170688,
              10.2083349
            ],
            [
              -67.9172243,
              10.2082108
            ],
            [
              -67.9177728,
              10.2077621
            ],
            [
              -67.9181148,
              10.2074862
            ],
            [
              -67.9185225,
              10.2071576
            ],
            [
              -67.9189289,
              10.2068276
            ],
            [
              -67.9192212,
              10.20659
            ],
            [
              -67.9195981,
              10.2062838
            ],
            [
              -67.9198609,
              10.2060766
            ],
            [
              -67.9202217,
              10.2057875
            ],
            [
              -67.9207407,
              10.2053652
            ],
            [
              -67.9211041,
              10.2050774
            ],
            [
              -67.9215333,
              10.2047343
            ],
            [
              -67.9220697,
              10.2042987
            ],
            [
              -67.9226209,
              10.2038499
            ],
            [
              -67.9229026,
              10.2036229
            ],
            [
              -67.9232807,
              10.2033154
            ],
            [
              -67.9237448,
              10.2029405
            ],
            [
              -67.924182,
              10.2025828
            ],
            [
              -67.92454,
              10.2022964
            ],
            [
              -67.9248565,
              10.2020364
            ],
            [
              -67.9250671,
              10.2018727
            ],
            [
              -67.9253742,
              10.2016193
            ],
            [
              -67.9255901,
              10.2014477
            ],
            [
              -67.9259697,
              10.2011323
            ],
            [
              -67.9262459,
              10.2009092
            ],
            [
              -67.9265812,
              10.2006347
            ],
            [
              -67.9269379,
              10.2003522
            ],
            [
              -67.9271337,
              10.2001819
            ],
            [
              -67.9279706,
              10.199456
            ],
            [
              -67.9286197,
              10.1989148
            ],
            [
              -67.9290408,
              10.1985611
            ],
            [
              -67.9298052,
              10.1979275
            ],
            [
              -67.9298669,
              10.1977665
            ],
            [
              -67.9302277,
              10.1974471
            ],
            [
              -67.9304972,
              10.1972042
            ],
            [
              -67.9308982,
              10.1968623
            ],
            [
              -67.9311651,
              10.1966577
            ],
            [
              -67.9314132,
              10.1964782
            ],
            [
              -67.9315862,
              10.1963608
            ],
            [
              -67.9318222,
              10.1962209
            ],
            [
              -67.9320435,
              10.1960994
            ],
            [
              -67.9322152,
              10.196011
            ],
            [
              -67.9326323,
              10.1958275
            ],
            [
              -67.9329018,
              10.1957153
            ],
            [
              -67.9331566,
              10.1956203
            ],
            [
              -67.9334678,
              10.1955253
            ],
            [
              -67.9335201,
              10.1956295
            ],
            [
              -67.9338942,
              10.1955081
            ],
            [
              -67.9346547,
              10.1952481
            ],
            [
              -67.934833,
              10.1951821
            ],
            [
              -67.9349671,
              10.1951266
            ],
            [
              -67.9351468,
              10.1950488
            ],
            [
              -67.9352796,
              10.1949801
            ],
            [
              -67.9354405,
              10.1948956
            ],
            [
              -67.9358161,
              10.1946858
            ],
            [
              -67.936099,
              10.1945234
            ],
            [
              -67.9366945,
              10.1941987
            ],
            [
              -67.937019,
              10.1940087
            ],
            [
              -67.9373959,
              10.1937895
            ],
            [
              -67.9376614,
              10.1936232
            ],
            [
              -67.9381751,
              10.1933064
            ],
            [
              -67.9386833,
              10.1930095
            ],
            [
              -67.9389784,
              10.1928418
            ],
            [
              -67.9412153,
              10.1914559
            ],
            [
              -67.9417048,
              10.1911655
            ],
            [
              -67.9419677,
              10.1910084
            ],
            [
              -67.9422466,
              10.1908448
            ],
            [
              -67.9423834,
              10.1907682
            ],
            [
              -67.9427563,
              10.1905583
            ],
            [
              -67.9429923,
              10.190425
            ],
            [
              -67.9434054,
              10.1902046
            ],
            [
              -67.9436173,
              10.1900977
            ],
            [
              -67.9442436,
              10.1897796
            ],
            [
              -67.945126,
              10.1893638
            ],
            [
              -67.9459441,
              10.1889955
            ],
            [
              -67.9465556,
              10.1887276
            ],
            [
              -67.9475936,
              10.188251
            ],
            [
              -67.9478927,
              10.1881164
            ],
            [
              -67.9481944,
              10.1879831
            ],
            [
              -67.948633,
              10.1877957
            ],
            [
              -67.9493009,
              10.1875435
            ],
            [
              -67.9496241,
              10.187434
            ],
            [
              -67.9501618,
              10.1872664
            ],
            [
              -67.9507005,
              10.1871235
            ],
            [
              -67.9506849,
              10.1869878
            ],
            [
              -67.9506741,
              10.1867608
            ],
            [
              -67.9505964,
              10.1861906
            ],
            [
              -67.9505239,
              10.1855755
            ],
            [
              -67.9504301,
              10.1847597
            ],
            [
              -67.9504006,
              10.1844944
            ],
            [
              -67.9503858,
              10.1843743
            ],
            [
              -67.9501444,
              10.1829553
            ],
            [
              -67.9499942,
              10.1820379
            ],
            [
              -67.9497314,
              10.1820828
            ],
            [
              -67.9494618,
              10.1821171
            ],
            [
              -67.9493639,
              10.1821237
            ],
            [
              -67.9492982,
              10.1821145
            ],
            [
              -67.949215,
              10.1820868
            ],
            [
              -67.9491279,
              10.1820234
            ],
            [
              -67.9489803,
              10.1818888
            ],
            [
              -67.948696,
              10.1815562
            ],
            [
              -67.9482374,
              10.1810136
            ],
            [
              -67.9481569,
              10.1809305
            ],
            [
              -67.948067,
              10.1808447
            ],
            [
              -67.947776,
              10.1805886
            ],
            [
              -67.9477009,
              10.1805464
            ],
            [
              -67.9476057,
              10.1805173
            ],
            [
              -67.9475279,
              10.180487
            ],
            [
              -67.947489,
              10.1804474
            ],
            [
              -67.9474676,
              10.1804012
            ],
            [
              -67.9474528,
              10.1803404
            ],
            [
              -67.9474407,
              10.1802665
            ],
            [
              -67.9474179,
              10.1802164
            ],
            [
              -67.947371,
              10.1801688
            ],
            [
              -67.9473268,
              10.1801213
            ],
            [
              -67.9471859,
              10.1799642
            ],
            [
              -67.9469579,
              10.1797016
            ],
            [
              -67.9464296,
              10.1790864
            ],
            [
              -67.9462525,
              10.1788805
            ],
            [
              -67.9460058,
              10.1786218
            ],
            [
              -67.9456651,
              10.1783024
            ],
            [
              -67.9453272,
              10.1779777
            ],
            [
              -67.9451689,
              10.1778113
            ],
            [
              -67.9450402,
              10.1776556
            ],
            [
              -67.9449087,
              10.1774919
            ],
            [
              -67.9447666,
              10.1772886
            ],
            [
              -67.944611,
              10.1770932
            ],
            [
              -67.9444957,
              10.1769797
            ],
            [
              -67.9443187,
              10.1768187
            ],
            [
              -67.9440638,
              10.1765151
            ],
            [
              -67.9437393,
              10.176024
            ],
            [
              -67.9432243,
              10.1749073
            ],
            [
              -67.9431036,
              10.174638
            ],
            [
              -67.9430392,
              10.1744717
            ],
            [
              -67.9429776,
              10.1742605
            ],
            [
              -67.9429132,
              10.1740467
            ],
            [
              -67.9428216,
              10.1738264
            ],
            [
              -67.9427442,
              10.1736401
            ],
            [
              -67.9425216,
              10.1731939
            ],
            [
              -67.9424357,
              10.1730619
            ],
            [
              -67.942358,
              10.1729484
            ],
            [
              -67.9423016,
              10.172885
            ],
            [
              -67.9422292,
              10.1728138
            ],
            [
              -67.9421648,
              10.1727293
            ],
            [
              -67.9421058,
              10.1726026
            ],
            [
              -67.9420468,
              10.172431
            ],
            [
              -67.9417745,
              10.1718833
            ],
            [
              -67.9413284,
              10.1709859
            ],
            [
              -67.9412475,
              10.1708232
            ],
            [
              -67.9411858,
              10.1707308
            ],
            [
              -67.9411027,
              10.170641
            ],
            [
              -67.9410034,
              10.1705644
            ],
            [
              -67.9407594,
              10.1704351
            ],
            [
              -67.9406118,
              10.1703664
            ],
            [
              -67.940408,
              10.1702952
            ],
            [
              -67.9400346,
              10.1701808
            ],
            [
              -67.9398823,
              10.1701341
            ],
            [
              -67.9387826,
              10.1697566
            ],
            [
              -67.93834,
              10.1695982
            ],
            [
              -67.9382193,
              10.1695454
            ],
            [
              -67.9381147,
              10.1694688
            ],
            [
              -67.9380289,
              10.1693738
            ],
            [
              -67.9376641,
              10.1690411
            ],
            [
              -67.9375327,
              10.1689355
            ],
            [
              -67.9374146,
              10.1688088
            ],
            [
              -67.9371974,
              10.1685474
            ],
            [
              -67.9368648,
              10.1682042
            ],
            [
              -67.936618,
              10.1679877
            ],
            [
              -67.9364625,
              10.1678663
            ],
            [
              -67.9363391,
              10.1677924
            ],
            [
              -67.9361942,
              10.1677264
            ],
            [
              -67.9360735,
              10.1676604
            ],
            [
              -67.9359823,
              10.1675864
            ],
            [
              -67.935631,
              10.1672696
            ],
            [
              -67.9354405,
              10.1670822
            ],
            [
              -67.9353172,
              10.1669924
            ],
            [
              -67.9351965,
              10.1669317
            ],
            [
              -67.9350784,
              10.1669
            ],
            [
              -67.9349095,
              10.1668895
            ],
            [
              -67.9347807,
              10.1669106
            ],
            [
              -67.9346305,
              10.1669634
            ],
            [
              -67.9344749,
              10.1670215
            ],
            [
              -67.9342979,
              10.1670452
            ],
            [
              -67.9340029,
              10.1670716
            ],
            [
              -67.9338715,
              10.1670716
            ],
            [
              -67.9337266,
              10.1670479
            ],
            [
              -67.9335094,
              10.1670003
            ],
            [
              -67.9332894,
              10.1669766
            ],
            [
              -67.9330748,
              10.166966
            ],
            [
              -67.9327905,
              10.1669739
            ],
            [
              -67.9324847,
              10.1669977
            ],
            [
              -67.9321066,
              10.167003
            ],
            [
              -67.9317257,
              10.1669871
            ],
            [
              -67.9314601,
              10.166966
            ],
            [
              -67.9312295,
              10.1669555
            ],
            [
              -67.9311396,
              10.1669436
            ],
            [
              -67.9310444,
              10.1669211
            ],
            [
              -67.9309814,
              10.1668947
            ],
            [
              -67.9308955,
              10.1668446
            ],
            [
              -67.9307883,
              10.1667495
            ],
            [
              -67.9307319,
              10.1666835
            ],
            [
              -67.9307158,
              10.166632
            ],
            [
              -67.9307051,
              10.1665713
            ],
            [
              -67.9307078,
              10.1665014
            ],
            [
              -67.9307266,
              10.1663733
            ],
            [
              -67.9307319,
              10.1663034
            ],
            [
              -67.9307279,
              10.1662453
            ],
            [
              -67.9306957,
              10.1661489
            ],
            [
              -67.9306582,
              10.1660803
            ],
            [
              -67.9306179,
              10.166042
            ],
            [
              -67.9305723,
              10.1660195
            ],
            [
              -67.9305026,
              10.1660024
            ],
            [
              -67.9302947,
              10.1659707
            ],
            [
              -67.9302397,
              10.1659549
            ],
            [
              -67.9302049,
              10.1659298
            ],
            [
              -67.9301767,
              10.1658783
            ],
            [
              -67.9301526,
              10.1657925
            ],
            [
              -67.9300399,
              10.1654796
            ],
            [
              -67.9299809,
              10.1653688
            ],
            [
              -67.9299058,
              10.1652671
            ],
            [
              -67.9297797,
              10.1650572
            ],
            [
              -67.9294713,
              10.1645846
            ],
            [
              -67.9291736,
              10.1641609
            ],
            [
              -67.9291146,
              10.164054
            ],
            [
              -67.9290676,
              10.1639537
            ],
            [
              -67.9290421,
              10.1639009
            ],
            [
              -67.9290301,
              10.163856
            ],
            [
              -67.9290167,
              10.163749
            ],
            [
              -67.9290006,
              10.1635458
            ],
            [
              -67.9290059,
              10.1634639
            ],
            [
              -67.9290502,
              10.1633319
            ],
            [
              -67.929081,
              10.1632171
            ],
            [
              -67.9290918,
              10.1631141
            ],
            [
              -67.9290904,
              10.1629993
            ],
            [
              -67.9291038,
              10.1627484
            ],
            [
              -67.9291293,
              10.1625069
            ],
            [
              -67.9291709,
              10.1622059
            ],
            [
              -67.929191,
              10.1619656
            ],
            [
              -67.9292218,
              10.1615987
            ],
            [
              -67.9292835,
              10.1611591
            ],
            [
              -67.9292929,
              10.1610244
            ],
            [
              -67.9293063,
              10.1608475
            ],
            [
              -67.9293358,
              10.1605862
            ],
            [
              -67.9293385,
              10.1605149
            ],
            [
              -67.9293345,
              10.1604594
            ],
            [
              -67.9293264,
              10.1603895
            ],
            [
              -67.9292701,
              10.1600938
            ],
            [
              -67.929242,
              10.1600172
            ],
            [
              -67.9291923,
              10.1599129
            ],
            [
              -67.9290877,
              10.159707
            ],
            [
              -67.9289952,
              10.1595182
            ],
            [
              -67.9289335,
              10.1594034
            ],
            [
              -67.9289013,
              10.1593717
            ],
            [
              -67.9292786,
              10.1586349
            ],
            [
              -67.9291114,
              10.1579389
            ],
            [
              -67.9288198,
              10.1576453
            ],
            [
              -67.9269922,
              10.1549459
            ],
            [
              -67.9261586,
              10.1538031
            ],
            [
              -67.9247271,
              10.1514721
            ],
            [
              -67.9242892,
              10.1504461
            ],
            [
              -67.9242073,
              10.1488377
            ],
            [
              -67.9241508,
              10.1484619
            ],
            [
              -67.9234047,
              10.1470026
            ],
            [
              -67.9231786,
              10.1466398
            ],
            [
              -67.922941,
              10.1459141
            ],
            [
              -67.9229378,
              10.1452232
            ],
            [
              -67.9219658,
              10.1445383
            ],
            [
              -67.9215025,
              10.144436
            ],
            [
              -67.9211766,
              10.1440624
            ],
            [
              -67.9206716,
              10.1437053
            ],
            [
              -67.9206495,
              10.143496
            ],
            [
              -67.9203237,
              10.1430604
            ],
            [
              -67.9201493,
              10.1425601
            ],
            [
              -67.9198006,
              10.1420769
            ],
            [
              -67.9193406,
              10.1416043
            ],
            [
              -67.918827,
              10.141108
            ],
            [
              -67.918367,
              10.1409073
            ],
            [
              -67.917864,
              10.1405561
            ],
            [
              -67.9174322,
              10.1400254
            ],
            [
              -67.9172498,
              10.1398181
            ],
            [
              -67.9169682,
              10.1395118
            ],
            [
              -67.9166114,
              10.1391435
            ],
            [
              -67.9163258,
              10.1388993
            ],
            [
              -67.9162601,
              10.138861
            ],
            [
              -67.9161903,
              10.1388082
            ],
            [
              -67.9161327,
              10.1387554
            ],
            [
              -67.9160817,
              10.1386854
            ],
            [
              -67.9160629,
              10.1386155
            ],
            [
              -67.9160629,
              10.138556
            ],
            [
              -67.9160804,
              10.1384861
            ],
            [
              -67.9161112,
              10.138362
            ],
            [
              -67.9161139,
              10.138263
            ],
            [
              -67.9161152,
              10.1378524
            ],
            [
              -67.916126,
              10.1375158
            ],
            [
              -67.9161394,
              10.1373917
            ],
            [
              -67.9161608,
              10.1373032
            ],
            [
              -67.9162265,
              10.1371448
            ],
            [
              -67.9162641,
              10.1370629
            ],
            [
              -67.9163365,
              10.1369481
            ],
            [
              -67.9163633,
              10.1369072
            ],
            [
              -67.9164062,
              10.1368346
            ],
            [
              -67.9164304,
              10.136754
            ],
            [
              -67.9164438,
              10.1367025
            ],
            [
              -67.9164666,
              10.1366695
            ],
            [
              -67.9165162,
              10.136626
            ],
            [
              -67.9166329,
              10.1365428
            ],
            [
              -67.9167482,
              10.136457
            ],
            [
              -67.9168367,
              10.136358
            ],
            [
              -67.9172552,
              10.1357084
            ],
            [
              -67.917738,
              10.1350616
            ],
            [
              -67.9178318,
              10.134882
            ],
            [
              -67.9180142,
              10.1344424
            ],
            [
              -67.9180692,
              10.1343275
            ],
            [
              -67.9181738,
              10.1340807
            ],
            [
              -67.9182489,
              10.1338325
            ],
            [
              -67.9182784,
              10.1337678
            ],
            [
              -67.9183227,
              10.1336952
            ],
            [
              -67.9184166,
              10.1335658
            ],
            [
              -67.9184648,
              10.1334905
            ],
            [
              -67.9185011,
              10.1334232
            ],
            [
              -67.9185493,
              10.1333295
            ],
            [
              -67.9185829,
              10.1332569
            ],
            [
              -67.9186486,
              10.1331367
            ],
            [
              -67.9188256,
              10.1328516
            ],
            [
              -67.9189235,
              10.1327262
            ],
            [
              -67.918953,
              10.1326958
            ],
            [
              -67.9189892,
              10.1326707
            ],
            [
              -67.9191354,
              10.1325809
            ],
            [
              -67.9193486,
              10.1324304
            ],
            [
              -67.9195122,
              10.1323169
            ],
            [
              -67.9195686,
              10.1322614
            ],
            [
              -67.9195981,
              10.1322179
            ],
            [
              -67.9196182,
              10.132177
            ],
            [
              -67.919641,
              10.1321308
            ],
            [
              -67.9196839,
              10.1320819
            ],
            [
              -67.9197107,
              10.1320621
            ],
            [
              -67.9197684,
              10.1320317
            ],
            [
              -67.9198422,
              10.1319948
            ],
            [
              -67.9199186,
              10.1319644
            ],
            [
              -67.9201251,
              10.131901
            ],
            [
              -67.9201774,
              10.1318773
            ],
            [
              -67.920219,
              10.1318482
            ],
            [
              -67.9202391,
              10.1318192
            ],
            [
              -67.9202552,
              10.1317875
            ],
            [
              -67.9204121,
              10.1314086
            ],
            [
              -67.9204711,
              10.1312238
            ],
            [
              -67.9205288,
              10.1309492
            ],
            [
              -67.920502,
              10.1309386
            ],
            [
              -67.9204631,
              10.1309056
            ],
            [
              -67.9204282,
              10.1308568
            ],
            [
              -67.9204054,
              10.1308172
            ],
            [
              -67.9203692,
              10.1306482
            ],
            [
              -67.9202579,
              10.130025
            ],
            [
              -67.9202271,
              10.1298917
            ],
            [
              -67.9201466,
              10.1296158
            ],
            [
              -67.9201318,
              10.1295418
            ],
            [
              -67.9201372,
              10.1294772
            ],
            [
              -67.9201935,
              10.1292435
            ],
            [
              -67.9201962,
              10.1292012
            ],
            [
              -67.9201868,
              10.1291194
            ],
            [
              -67.9201815,
              10.1290587
            ],
            [
              -67.9201868,
              10.1290111
            ],
            [
              -67.9201975,
              10.1289478
            ],
            [
              -67.9202324,
              10.1288487
            ],
            [
              -67.9203022,
              10.1286969
            ],
            [
              -67.9203276,
              10.1286256
            ],
            [
              -67.9203478,
              10.1285543
            ],
            [
              -67.9203866,
              10.1283022
            ],
            [
              -67.9204188,
              10.1280434
            ],
            [
              -67.9204403,
              10.1278612
            ],
            [
              -67.9204644,
              10.1275708
            ],
            [
              -67.9204899,
              10.127246
            ],
            [
              -67.9204939,
              10.1270717
            ],
            [
              -67.920506,
              10.1268711
            ],
            [
              -67.9205181,
              10.1267258
            ],
            [
              -67.9205355,
              10.126339
            ],
            [
              -67.9205409,
              10.1262123
            ],
            [
              -67.920557,
              10.126075
            ],
            [
              -67.9205744,
              10.1259931
            ],
            [
              -67.9205811,
              10.1258651
            ],
            [
              -67.9206012,
              10.1254611
            ],
            [
              -67.92062,
              10.1251508
            ],
            [
              -67.9206347,
              10.124834
            ],
            [
              -67.9206482,
              10.1246373
            ],
            [
              -67.9206549,
              10.1244841
            ],
            [
              -67.9206522,
              10.1242874
            ],
            [
              -67.9206522,
              10.1241369
            ],
            [
              -67.9206643,
              10.1239626
            ],
            [
              -67.9206616,
              10.1238187
            ],
            [
              -67.9206549,
              10.1237197
            ],
            [
              -67.9206334,
              10.1235573
            ],
            [
              -67.920565,
              10.1232088
            ],
            [
              -67.9217157,
              10.1227678
            ],
            [
              -67.9216674,
              10.1221764
            ],
            [
              -67.9219839,
              10.122047
            ],
            [
              -67.9220697,
              10.1219968
            ],
            [
              -67.9221395,
              10.1219308
            ],
            [
              -67.9222199,
              10.1218569
            ],
            [
              -67.9223138,
              10.1217909
            ],
            [
              -67.9234001,
              10.1211545
            ],
            [
              -67.92395,
              10.1209512
            ],
            [
              -67.9243094,
              10.1208112
            ],
            [
              -67.9243764,
              10.120769
            ],
            [
              -67.9244328,
              10.1207162
            ],
            [
              -67.9245427,
              10.1206528
            ],
            [
              -67.9246352,
              10.1206329
            ],
            [
              -67.9244909,
              10.1193609
            ],
            [
              -67.9244506,
              10.1190092
            ],
            [
              -67.9244579,
              10.1189244
            ],
            [
              -67.9244823,
              10.118624
            ],
            [
              -67.9246604,
              10.117882
            ],
            [
              -67.9247177,
              10.1177173
            ],
            [
              -67.9247338,
              10.1176686
            ],
            [
              -67.9247019,
              10.1170252
            ],
            [
              -67.924618,
              10.1158232
            ],
            [
              -67.9246014,
              10.1155982
            ],
            [
              -67.9246528,
              10.114758
            ],
            [
              -67.9246584,
              10.1142478
            ],
            [
              -67.9247556,
              10.1130383
            ],
            [
              -67.9247947,
              10.112724
            ],
            [
              -67.9248655,
              10.1123491
            ],
            [
              -67.9250095,
              10.1119284
            ],
            [
              -67.9251559,
              10.1114232
            ],
            [
              -67.9252068,
              10.1105631
            ],
            [
              -67.925179,
              10.1102528
            ],
            [
              -67.925057,
              10.1099681
            ],
            [
              -67.924591,
              10.109042
            ],
            [
              -67.924497,
              10.1075291
            ],
            [
              -67.9245195,
              10.1041864
            ],
            [
              -67.9245191,
              10.1002218
            ],
            [
              -67.9246017,
              10.099325
            ],
            [
              -67.9246138,
              10.0976706
            ],
            [
              -67.9244569,
              10.0976667
            ],
            [
              -67.9243791,
              10.0976561
            ],
            [
              -67.924308,
              10.097631
            ],
            [
              -67.9242611,
              10.097631
            ],
            [
              -67.9242075,
              10.0976429
            ],
            [
              -67.9241538,
              10.0976746
            ],
            [
              -67.9241122,
              10.0977089
            ],
            [
              -67.9240331,
              10.0977842
            ],
            [
              -67.92395,
              10.0978423
            ],
            [
              -67.9238762,
              10.0978621
            ],
            [
              -67.9238078,
              10.09787
            ],
            [
              -67.9237676,
              10.0978555
            ],
            [
              -67.9237381,
              10.0978357
            ],
            [
              -67.9237045,
              10.0977895
            ],
            [
              -67.9236683,
              10.0977499
            ],
            [
              -67.9236361,
              10.097738
            ],
            [
              -67.9235999,
              10.0977314
            ],
            [
              -67.923561,
              10.0977366
            ],
            [
              -67.9235168,
              10.0977525
            ],
            [
              -67.9234336,
              10.097767
            ],
            [
              -67.9232499,
              10.0977842
            ],
            [
              -67.9231507,
              10.0977842
            ],
            [
              -67.9230581,
              10.0977749
            ],
            [
              -67.9229616,
              10.0977472
            ],
            [
              -67.9228449,
              10.0977116
            ],
            [
              -67.9227631,
              10.0976984
            ],
            [
              -67.9226531,
              10.0976918
            ],
            [
              -67.9224506,
              10.0976759
            ],
            [
              -67.9223447,
              10.097672
            ],
            [
              -67.9222441,
              10.0976786
            ],
            [
              -67.9221475,
              10.0976957
            ],
            [
              -67.9220442,
              10.0977182
            ],
            [
              -67.9219075,
              10.0977406
            ],
            [
              -67.9218538,
              10.0977538
            ],
            [
              -67.9218149,
              10.0977789
            ],
            [
              -67.9217774,
              10.0978119
            ],
            [
              -67.9215655,
              10.0979822
            ],
            [
              -67.9215145,
              10.0980337
            ],
            [
              -67.921485,
              10.0980733
            ],
            [
              -67.9214582,
              10.0981143
            ],
            [
              -67.9214475,
              10.0981486
            ],
            [
              -67.9214367,
              10.0982265
            ],
            [
              -67.921422,
              10.0982899
            ],
            [
              -67.9213911,
              10.0983387
            ],
            [
              -67.9213496,
              10.0983717
            ],
            [
              -67.9212771,
              10.0984206
            ],
            [
              -67.921194,
              10.0984536
            ],
            [
              -67.9211028,
              10.0984721
            ],
            [
              -67.9209191,
              10.0984866
            ],
            [
              -67.9207876,
              10.0984958
            ],
            [
              -67.9207286,
              10.0984879
            ],
            [
              -67.920679,
              10.0984655
            ],
            [
              -67.9206052,
              10.0984206
            ],
            [
              -67.9205006,
              10.0983493
            ],
            [
              -67.9204631,
              10.0983321
            ],
            [
              -67.9204175,
              10.0983202
            ],
            [
              -67.9203571,
              10.0983282
            ],
            [
              -67.9202968,
              10.0983506
            ],
            [
              -67.9202244,
              10.0983968
            ],
            [
              -67.9201265,
              10.0984457
            ],
            [
              -67.9200795,
              10.0984575
            ],
            [
              -67.9200339,
              10.0984536
            ],
            [
              -67.919991,
              10.0984311
            ],
            [
              -67.9199173,
              10.0983796
            ],
            [
              -67.9198113,
              10.0982925
            ],
            [
              -67.9196946,
              10.0982054
            ],
            [
              -67.9196021,
              10.0981486
            ],
            [
              -67.919523,
              10.0981129
            ],
            [
              -67.919413,
              10.0980799
            ],
            [
              -67.9191086,
              10.0980113
            ],
            [
              -67.9188082,
              10.0979466
            ],
            [
              -67.9183723,
              10.0978872
            ],
            [
              -67.9182288,
              10.0978555
            ],
            [
              -67.918147,
              10.097833
            ],
            [
              -67.9180464,
              10.0978027
            ],
            [
              -67.9180022,
              10.0977921
            ],
            [
              -67.9179673,
              10.0977921
            ],
            [
              -67.9179244,
              10.0978198
            ],
            [
              -67.9178788,
              10.0978528
            ],
            [
              -67.917856,
              10.0978621
            ],
            [
              -67.9178305,
              10.0978647
            ],
            [
              -67.9177876,
              10.0978621
            ],
            [
              -67.917742,
              10.0978515
            ],
            [
              -67.9176977,
              10.0978251
            ],
            [
              -67.9176588,
              10.0977961
            ],
            [
              -67.9176347,
              10.0977631
            ],
            [
              -67.9175381,
              10.0976561
            ],
            [
              -67.9174979,
              10.0976231
            ],
            [
              -67.9174429,
              10.0975954
            ],
            [
              -67.9172833,
              10.0975505
            ],
            [
              -67.9172122,
              10.0975399
            ],
            [
              -67.9171653,
              10.0975452
            ],
            [
              -67.9171184,
              10.0975624
            ],
            [
              -67.9170647,
              10.0975809
            ],
            [
              -67.917003,
              10.0975822
            ],
            [
              -67.9169454,
              10.097569
            ],
            [
              -67.9168904,
              10.0975439
            ],
            [
              -67.9167214,
              10.0974594
            ],
            [
              -67.9166409,
              10.0974383
            ],
            [
              -67.9165497,
              10.0974264
            ],
            [
              -67.91648,
              10.0974317
            ],
            [
              -67.9162547,
              10.0974686
            ],
            [
              -67.9160455,
              10.0974871
            ],
            [
              -67.9159597,
              10.0974871
            ],
            [
              -67.9158792,
              10.0974765
            ],
            [
              -67.9157692,
              10.0974515
            ],
            [
              -67.9156619,
              10.0974079
            ],
            [
              -67.9154836,
              10.097326
            ],
            [
              -67.9153495,
              10.097264
            ],
            [
              -67.9152811,
              10.0972508
            ],
            [
              -67.915163,
              10.0972336
            ],
            [
              -67.9149538,
              10.0972204
            ],
            [
              -67.9148506,
              10.0972257
            ],
            [
              -67.9147647,
              10.097223
            ],
            [
              -67.9146735,
              10.0972046
            ],
            [
              -67.9146051,
              10.0971702
            ],
            [
              -67.9145555,
              10.0971319
            ],
            [
              -67.9145247,
              10.0970857
            ],
            [
              -67.914471,
              10.0970105
            ],
            [
              -67.9143973,
              10.0969352
            ],
            [
              -67.9143181,
              10.096885
            ],
            [
              -67.9142243,
              10.0968256
            ],
            [
              -67.9141572,
              10.0967926
            ],
            [
              -67.9141089,
              10.0967794
            ],
            [
              -67.9140647,
              10.0967794
            ],
            [
              -67.9140271,
              10.09679
            ],
            [
              -67.9139856,
              10.0968217
            ],
            [
              -67.9139453,
              10.0968481
            ],
            [
              -67.9139051,
              10.0968613
            ],
            [
              -67.9138407,
              10.0968692
            ],
            [
              -67.9137804,
              10.0968652
            ],
            [
              -67.91372,
              10.0968507
            ],
            [
              -67.9136597,
              10.0968203
            ],
            [
              -67.9135926,
              10.0967741
            ],
            [
              -67.9134518,
              10.0966672
            ],
            [
              -67.9133579,
              10.0965959
            ],
            [
              -67.913201,
              10.0964652
            ],
            [
              -67.9131299,
              10.0964282
            ],
            [
              -67.9130709,
              10.0964203
            ],
            [
              -67.9130092,
              10.0964229
            ],
            [
              -67.9129529,
              10.0964414
            ],
            [
              -67.9128738,
              10.0964731
            ],
            [
              -67.9128,
              10.0964889
            ],
            [
              -67.9127276,
              10.0964942
            ],
            [
              -67.9126753,
              10.0964955
            ],
            [
              -67.9126216,
              10.096485
            ],
            [
              -67.9125372,
              10.0964454
            ],
            [
              -67.9124929,
              10.0964124
            ],
            [
              -67.9124486,
              10.0963622
            ],
            [
              -67.912395,
              10.0962698
            ],
            [
              -67.912226,
              10.0960044
            ],
            [
              -67.9121858,
              10.0959516
            ],
            [
              -67.9121496,
              10.0959053
            ],
            [
              -67.9121147,
              10.0958499
            ],
            [
              -67.9120436,
              10.0957192
            ],
            [
              -67.9120168,
              10.0956809
            ],
            [
              -67.9119833,
              10.0956439
            ],
            [
              -67.9119363,
              10.0956122
            ],
            [
              -67.9117258,
              10.0954749
            ],
            [
              -67.9116212,
              10.0953997
            ],
            [
              -67.9114723,
              10.0952729
            ],
            [
              -67.9113114,
              10.0951422
            ],
            [
              -67.9112215,
              10.0950564
            ],
            [
              -67.9111934,
              10.0950141
            ],
            [
              -67.9111773,
              10.0949824
            ],
            [
              -67.9111598,
              10.0949111
            ],
            [
              -67.9111223,
              10.0947223
            ],
            [
              -67.9111008,
              10.0946827
            ],
            [
              -67.9110459,
              10.0946061
            ],
            [
              -67.9109962,
              10.0945546
            ],
            [
              -67.910964,
              10.0945401
            ],
            [
              -67.9109225,
              10.0945362
            ],
            [
              -67.9108621,
              10.0945441
            ],
            [
              -67.9107843,
              10.0945414
            ],
            [
              -67.9106757,
              10.0945084
            ],
            [
              -67.9105483,
              10.0944662
            ],
            [
              -67.9104906,
              10.0944279
            ],
            [
              -67.9104209,
              10.0943539
            ],
            [
              -67.9103404,
              10.0942483
            ],
            [
              -67.9103136,
              10.0941981
            ],
            [
              -67.9103069,
              10.0941678
            ],
            [
              -67.9103136,
              10.0941453
            ],
            [
              -67.9103297,
              10.0940991
            ],
            [
              -67.9103673,
              10.0939882
            ],
            [
              -67.9103887,
              10.093876
            ],
            [
              -67.9104021,
              10.093806
            ],
            [
              -67.9103994,
              10.0937637
            ],
            [
              -67.9103766,
              10.0937202
            ],
            [
              -67.9103445,
              10.0936872
            ],
            [
              -67.9102814,
              10.0936476
            ],
            [
              -67.9102157,
              10.0936027
            ],
            [
              -67.9101674,
              10.0935565
            ],
            [
              -67.9101379,
              10.0935036
            ],
            [
              -67.9100829,
              10.0933597
            ],
            [
              -67.9100628,
              10.0932647
            ],
            [
              -67.9100347,
              10.0932105
            ],
            [
              -67.9099891,
              10.0931537
            ],
            [
              -67.9099394,
              10.0931075
            ],
            [
              -67.9099019,
              10.0930798
            ],
            [
              -67.9098831,
              10.0930508
            ],
            [
              -67.9098617,
              10.0929491
            ],
            [
              -67.9098389,
              10.0928355
            ],
            [
              -67.9098053,
              10.0926428
            ],
            [
              -67.9097892,
              10.0925834
            ],
            [
              -67.9097611,
              10.0925253
            ],
            [
              -67.9096457,
              10.0923127
            ],
            [
              -67.9095478,
              10.0921701
            ],
            [
              -67.9094687,
              10.0920671
            ],
            [
              -67.9093976,
              10.0919456
            ],
            [
              -67.9093038,
              10.091733
            ],
            [
              -67.9092367,
              10.0916103
            ],
            [
              -67.9091737,
              10.0915139
            ],
            [
              -67.9089832,
              10.0912141
            ],
            [
              -67.908884,
              10.0910121
            ],
            [
              -67.9087861,
              10.0907877
            ],
            [
              -67.9086238,
              10.0903797
            ],
            [
              -67.9085863,
              10.0902912
            ],
            [
              -67.9085568,
              10.0902424
            ],
            [
              -67.9085219,
              10.0901948
            ],
            [
              -67.9084776,
              10.0901499
            ],
            [
              -67.9082952,
              10.0899255
            ],
            [
              -67.9082,
              10.0898423
            ],
            [
              -67.9081303,
              10.0897948
            ],
            [
              -67.9080015,
              10.0897221
            ],
            [
              -67.9078554,
              10.089635
            ],
            [
              -67.9077803,
              10.0895927
            ],
            [
              -67.9077025,
              10.0895571
            ],
            [
              -67.9075925,
              10.0895267
            ],
            [
              -67.9072921,
              10.0894832
            ],
            [
              -67.9071151,
              10.089466
            ],
            [
              -67.9069448,
              10.0894501
            ],
            [
              -67.9068013,
              10.089429
            ],
            [
              -67.9066779,
              10.0894158
            ],
            [
              -67.9065679,
              10.0894119
            ],
            [
              -67.9062876,
              10.0894
            ],
            [
              -67.9057029,
              10.0893736
            ],
            [
              -67.9051249,
              10.0893551
            ],
            [
              -67.9049344,
              10.0893406
            ],
            [
              -67.9047494,
              10.0893247
            ],
            [
              -67.9046434,
              10.0893115
            ],
            [
              -67.9045536,
              10.089293
            ],
            [
              -67.9042599,
              10.0892191
            ],
            [
              -67.9041687,
              10.0892059
            ],
            [
              -67.9040869,
              10.0892032
            ],
            [
              -67.9039823,
              10.0892125
            ],
            [
              -67.9038508,
              10.0892323
            ],
            [
              -67.9037194,
              10.0892521
            ],
            [
              -67.9035799,
              10.0892825
            ],
            [
              -67.9034793,
              10.0893221
            ],
            [
              -67.9033519,
              10.0893775
            ],
            [
              -67.9032782,
              10.0894039
            ],
            [
              -67.9032259,
              10.0894145
            ],
            [
              -67.903183,
              10.0894132
            ],
            [
              -67.9031253,
              10.0894066
            ],
            [
              -67.9030435,
              10.0893894
            ],
            [
              -67.9029295,
              10.089363
            ],
            [
              -67.9028557,
              10.0893538
            ],
            [
              -67.9027565,
              10.0893511
            ],
            [
              -67.9025057,
              10.0893511
            ],
            [
              -67.9020685,
              10.0893472
            ],
            [
              -67.9018392,
              10.0893445
            ],
            [
              -67.901693,
              10.0893511
            ],
            [
              -67.9015575,
              10.0893617
            ],
            [
              -67.9013819,
              10.0893907
            ],
            [
              -67.9010747,
              10.0894317
            ],
            [
              -67.9002661,
              10.0895465
            ],
            [
              -67.9001212,
              10.0895637
            ],
            [
              -67.9000019,
              10.0895835
            ],
            [
              -67.8999268,
              10.0896046
            ],
            [
              -67.8997779,
              10.0896548
            ],
            [
              -67.8995593,
              10.0897393
            ],
            [
              -67.8994842,
              10.0897684
            ],
            [
              -67.8994212,
              10.0897802
            ],
            [
              -67.89933,
              10.0897934
            ],
            [
              -67.8990617,
              10.0898132
            ],
            [
              -67.8983764,
              10.0898766
            ],
            [
              -67.8982236,
              10.0898977
            ],
            [
              -67.8980961,
              10.0899202
            ],
            [
              -67.8979822,
              10.0899572
            ],
            [
              -67.8978507,
              10.0900087
            ],
            [
              -67.897608,
              10.0901064
            ],
            [
              -67.8974712,
              10.0901565
            ],
            [
              -67.8973036,
              10.0902041
            ],
            [
              -67.8970756,
              10.0902556
            ],
            [
              -67.8969629,
              10.0902899
            ],
            [
              -67.8968556,
              10.0903255
            ],
            [
              -67.8966652,
              10.0903982
            ],
            [
              -67.8965431,
              10.090447
            ],
            [
              -67.8964922,
              10.0904747
            ],
            [
              -67.8964426,
              10.0905117
            ],
            [
              -67.8963541,
              10.0905738
            ],
            [
              -67.8962696,
              10.0906556
            ],
            [
              -67.8961046,
              10.0908365
            ],
            [
              -67.896051,
              10.0908775
            ],
            [
              -67.8959759,
              10.0909276
            ],
            [
              -67.8957774,
              10.0910346
            ],
            [
              -67.895603,
              10.0911217
            ],
            [
              -67.8953643,
              10.0912313
            ],
            [
              -67.8952208,
              10.0912947
            ],
            [
              -67.8950679,
              10.0913567
            ],
            [
              -67.8949204,
              10.0914082
            ],
            [
              -67.8948145,
              10.0914412
            ],
            [
              -67.8946991,
              10.091469
            ],
            [
              -67.8945985,
              10.0914743
            ],
            [
              -67.8945167,
              10.0914729
            ],
            [
              -67.8944322,
              10.0914716
            ],
            [
              -67.8943236,
              10.0914835
            ],
            [
              -67.8941707,
              10.0915086
            ],
            [
              -67.8940219,
              10.0915271
            ],
            [
              -67.8939481,
              10.0915403
            ],
            [
              -67.893877,
              10.0915588
            ],
            [
              -67.8938167,
              10.0915878
            ],
            [
              -67.8935847,
              10.0917304
            ],
            [
              -67.8935096,
              10.09177
            ],
            [
              -67.893409,
              10.0918043
            ],
            [
              -67.8930804,
              10.091906
            ],
            [
              -67.8928082,
              10.0919945
            ],
            [
              -67.8927331,
              10.0920328
            ],
            [
              -67.8926298,
              10.0921001
            ],
            [
              -67.89243,
              10.0922084
            ],
            [
              -67.8923643,
              10.0922414
            ],
            [
              -67.892265,
              10.0923127
            ],
            [
              -67.8921872,
              10.0923549
            ],
            [
              -67.8921108,
              10.0923893
            ],
            [
              -67.8920075,
              10.0924276
            ],
            [
              -67.8919177,
              10.0924672
            ],
            [
              -67.8916843,
              10.0925319
            ],
            [
              -67.8914309,
              10.092586
            ],
            [
              -67.8913356,
              10.0926203
            ],
            [
              -67.8912538,
              10.0926599
            ],
            [
              -67.8911653,
              10.0927101
            ],
            [
              -67.8908327,
              10.0929266
            ],
            [
              -67.8907214,
              10.093031
            ],
            [
              -67.8905632,
              10.0931736
            ],
            [
              -67.8904854,
              10.0932462
            ],
            [
              -67.8904358,
              10.0933043
            ],
            [
              -67.8904197,
              10.0933346
            ],
            [
              -67.8903982,
              10.0934152
            ],
            [
              -67.8903593,
              10.0935063
            ],
            [
              -67.8903057,
              10.0936027
            ],
            [
              -67.8902386,
              10.0936991
            ],
            [
              -67.8901796,
              10.0937809
            ],
            [
              -67.8899865,
              10.0939935
            ],
            [
              -67.8899074,
              10.0940687
            ],
            [
              -67.8898349,
              10.0941084
            ],
            [
              -67.8896941,
              10.0941797
            ],
            [
              -67.8894675,
              10.0943064
            ],
            [
              -67.8893334,
              10.0943936
            ],
            [
              -67.8892207,
              10.0944794
            ],
            [
              -67.8891282,
              10.0945665
            ],
            [
              -67.8890558,
              10.0946616
            ],
            [
              -67.8889444,
              10.0948359
            ],
            [
              -67.8888801,
              10.0949124
            ],
            [
              -67.8887956,
              10.0949798
            ],
            [
              -67.8887165,
              10.0950313
            ],
            [
              -67.8886186,
              10.0950762
            ],
            [
              -67.8884254,
              10.0951488
            ],
            [
              -67.8881452,
              10.0952544
            ],
            [
              -67.8879306,
              10.0953429
            ],
            [
              -67.8877723,
              10.0954129
            ],
            [
              -67.8875148,
              10.0955092
            ],
            [
              -67.8873982,
              10.0955449
            ],
            [
              -67.8872707,
              10.0955739
            ],
            [
              -67.8871903,
              10.0955845
            ],
            [
              -67.8871004,
              10.0955898
            ],
            [
              -67.8869972,
              10.0955911
            ],
            [
              -67.8867625,
              10.0955766
            ],
            [
              -67.8866096,
              10.095566
            ],
            [
              -67.886517,
              10.0955673
            ],
            [
              -67.8864098,
              10.0955819
            ],
            [
              -67.8861536,
              10.0955924
            ],
            [
              -67.8859377,
              10.0955977
            ],
            [
              -67.8857473,
              10.0955937
            ],
            [
              -67.8856319,
              10.0955832
            ],
            [
              -67.8854871,
              10.0955568
            ],
            [
              -67.8851612,
              10.0954881
            ],
            [
              -67.8848903,
              10.0954432
            ],
            [
              -67.8846087,
              10.0953983
            ],
            [
              -67.8842586,
              10.0953218
            ],
            [
              -67.8841487,
              10.0952927
            ],
            [
              -67.8840816,
              10.0952887
            ],
            [
              -67.8840373,
              10.0952887
            ],
            [
              -67.8839676,
              10.0953019
            ],
            [
              -67.8838992,
              10.0953323
            ],
            [
              -67.883808,
              10.0953666
            ],
            [
              -67.8837034,
              10.0953746
            ],
            [
              -67.8835961,
              10.0953666
            ],
            [
              -67.8834794,
              10.0953495
            ],
            [
              -67.88334,
              10.0953231
            ],
            [
              -67.8832166,
              10.0952887
            ],
            [
              -67.8830932,
              10.0952505
            ],
            [
              -67.8829618,
              10.095224
            ],
            [
              -67.8828666,
              10.095224
            ],
            [
              -67.8827821,
              10.0952399
            ],
            [
              -67.8826775,
              10.0952478
            ],
            [
              -67.8825527,
              10.0952505
            ],
            [
              -67.8821249,
              10.0952531
            ],
            [
              -67.8818862,
              10.095265
            ],
            [
              -67.8817508,
              10.0952861
            ],
            [
              -67.8814423,
              10.0953482
            ],
            [
              -67.8809421,
              10.0954578
            ],
            [
              -67.880702,
              10.0955277
            ],
            [
              -67.8805371,
              10.0955805
            ],
            [
              -67.8804204,
              10.0956162
            ],
            [
              -67.8801696,
              10.0957073
            ],
            [
              -67.8800932,
              10.0957284
            ],
            [
              -67.8799979,
              10.0957456
            ],
            [
              -67.8798826,
              10.095772
            ],
            [
              -67.8795768,
              10.0958578
            ],
            [
              -67.8791302,
              10.0959925
            ],
            [
              -67.8790431,
              10.0960308
            ],
            [
              -67.8789049,
              10.0960994
            ],
            [
              -67.8786555,
              10.0962011
            ],
            [
              -67.8783658,
              10.0963252
            ],
            [
              -67.8782652,
              10.0963873
            ],
            [
              -67.8782089,
              10.0964269
            ],
            [
              -67.87817,
              10.0964625
            ],
            [
              -67.8781351,
              10.0965048
            ],
            [
              -67.8780989,
              10.096547
            ],
            [
              -67.8780627,
              10.0965708
            ],
            [
              -67.8780252,
              10.096584
            ],
            [
              -67.8772621,
              10.0968269
            ],
            [
              -67.8767498,
              10.0969788
            ],
            [
              -67.8765352,
              10.0970382
            ],
            [
              -67.8764038,
              10.0970646
            ],
            [
              -67.8762697,
              10.0970818
            ],
            [
              -67.8761758,
              10.0970752
            ],
            [
              -67.8761061,
              10.0970699
            ],
            [
              -67.876031,
              10.0970778
            ],
            [
              -67.8759518,
              10.0971029
            ],
            [
              -67.8758204,
              10.0971768
            ],
            [
              -67.8756635,
              10.097256
            ],
            [
              -67.8755307,
              10.0973392
            ],
            [
              -67.8753765,
              10.0974396
            ],
            [
              -67.8752115,
              10.0975795
            ],
            [
              -67.8751163,
              10.0976746
            ],
            [
              -67.8750587,
              10.0977551
            ],
            [
              -67.8749836,
              10.0978819
            ],
            [
              -67.8748682,
              10.0981301
            ],
            [
              -67.8747945,
              10.0982582
            ],
            [
              -67.8747623,
              10.0983084
            ],
            [
              -67.8747234,
              10.0983466
            ],
            [
              -67.8746469,
              10.0983796
            ],
            [
              -67.8745919,
              10.0983942
            ],
            [
              -67.8745088,
              10.0984311
            ],
            [
              -67.874431,
              10.0984721
            ],
            [
              -67.8743787,
              10.0985249
            ],
            [
              -67.8743586,
              10.0985883
            ],
            [
              -67.8743492,
              10.0986556
            ],
            [
              -67.8743371,
              10.098818
            ],
            [
              -67.8743264,
              10.0989038
            ],
            [
              -67.8742848,
              10.0989791
            ],
            [
              -67.8742339,
              10.0990279
            ],
            [
              -67.8741547,
              10.0990649
            ],
            [
              -67.8740796,
              10.0990834
            ],
            [
              -67.8740139,
              10.099086
            ],
            [
              -67.8739643,
              10.0990768
            ],
            [
              -67.8739026,
              10.0990596
            ],
            [
              -67.8738463,
              10.09902
            ],
            [
              -67.8738034,
              10.098991
            ],
            [
              -67.8737605,
              10.0989698
            ],
            [
              -67.8736652,
              10.0989527
            ],
            [
              -67.8735821,
              10.0989646
            ],
            [
              -67.8735177,
              10.0990015
            ],
            [
              -67.8734708,
              10.0990675
            ],
            [
              -67.8733246,
              10.0992867
            ],
            [
              -67.8732227,
              10.0994108
            ],
            [
              -67.8731449,
              10.0994914
            ],
            [
              -67.8730564,
              10.0995468
            ],
            [
              -67.8729746,
              10.0995838
            ],
            [
              -67.872768,
              10.0996498
            ]
          ]
        ]
      },
      "id": "relation/10833244"
    },
    {
      "type": "Feature",
      "properties": {
        "@id": "node/1787209503",
        "@relations": [
          {
            "role": "admin_centre",
            "rel": 10833244,
            "reltags": {
              "admin_level": "6",
              "boundary": "administrative",
              "name": "Municipio Los Guayos",
              "population": "149606",
              "source:name": "INE (2014); IGVSB",
              "source:population": "INE (2014)",
              "type": "boundary",
              "wikidata": "Q3646838"
            }
          }
        ]
      },
      "geometry": {
        "type": "Point",
        "coordinates": [
          -67.9194222,
          10.1755763
        ]
      },
      "id": "node/1787209503"
    }
  ]
}